{"Episode-Steps/env-2": 500, "_timestamp": 1718944811.6241996, "Train-Episode-Rewards/env-2": 500.0, "_runtime": 36.87044954299927, "_step": 119960, "Episode-Steps/env-4": 500, "Train-Episode-Rewards/env-4": 500.0, "Episode-Steps/env-9": 500, "Train-Episode-Rewards/env-9": 500.0, "Episode-Steps/env-0": 500, "Train-Episode-Rewards/env-0": 500.0, "Episode-Steps/env-8": 500, "Train-Episode-Rewards/env-8": 500.0, "Episode-Steps/env-1": 500, "Train-Episode-Rewards/env-1": 500.0, "Episode-Steps/env-3": 500, "Train-Episode-Rewards/env-3": 500.0, "Episode-Steps/env-5": 500, "Train-Episode-Rewards/env-5": 500.0, "Episode-Steps/env-6": 500, "Train-Episode-Rewards/env-6": 500.0, "Episode-Steps/env-7": 500, "Train-Episode-Rewards/env-7": 500.0, "actor-loss": -0.0025712817441672087, "critic-loss": 0.0006396945682354271, "entropy": 0.4644937515258789, "learning_rate": 0.0003901866666666695, "predict_value": 3.440142869949341, "clip_ratio": 0.10625000298023224, "_wandb": {"runtime": 36}}